{
 "_meta": {
  "measured": "2026-07-02",
  "device": "Ultimate64 (physical 6581 sockets + UltiSID), Mahoney env",
  "method": "scripts/diags/mahoney_dac_calib.py --signed (500Hz toggle vs $00 and $0F)",
  "note": "signed_level = per-code output level rel. to code $00 (=0), capture-amplitude units. sidtable[amplitude_index 0..255] = $D418 byte whose measured level is nearest the uniform target across [min,max]. amplitude 128 ~= silence/mid.",
  "findings": "emu UltiSID 6581==8580 (corr 0.99999, all-positive ~6.4 eff bits, model knob irrelevant); physical 6581s vary HUGELY chip-to-chip (corr 0.738) -> per-unit calibration; emu != physical (corr -0.07). SHIP emulated table for UltiSID; calibrate for physical."
 },
 "ultisid": {
  "digis_level": "Medium",
  "curve": {
   "0": -2.9e-05,
   "1": 0.015637,
   "2": 0.031264,
   "3": 0.046916,
   "4": 0.062544,
   "5": 0.078788,
   "6": 0.093811,
   "7": 0.109414,
   "8": 0.125093,
   "9": 0.140731,
   "10": 0.156338,
   "11": 0.172006,
   "12": 0.187618,
   "13": 0.203226,
   "14": 0.218913,
   "15": 0.234449,
   "16": -3e-05,
   "17": 0.023415,
   "18": 0.046859,
   "19": 0.070263,
   "20": 0.093683,
   "21": 0.117089,
   "22": 0.140495,
   "23": 0.163892,
   "24": 0.187333,
   "25": 0.213663,
   "26": 0.234181,
   "27": 0.257627,
   "28": 0.281036,
   "29": 0.304427,
   "30": 0.327869,
   "31": 0.351235,
   "32": -3e-05,
   "33": 0.015642,
   "34": 0.031275,
   "35": 0.046917,
   "36": 0.062548,
   "37": 0.078176,
   "38": 0.093817,
   "39": 0.11117,
   "40": 0.125075,
   "41": 0.140724,
   "42": 0.156362,
   "43": 0.171962,
   "44": 0.187593,
   "45": 0.203239,
   "46": 0.218948,
   "47": 0.23448,
   "48": -2.9e-05,
   "49": 0.023423,
   "50": 0.046831,
   "51": 0.070288,
   "52": 0.093648,
   "53": 0.117081,
   "54": 0.140527,
   "55": 0.163931,
   "56": 0.187377,
   "57": 0.210753,
   "58": 0.234161,
   "59": 0.257619,
   "60": 0.281796,
   "61": 0.30443,
   "62": 0.327851,
   "63": 0.351233,
   "64": -3.3e-05,
   "65": 0.015643,
   "66": 0.031274,
   "67": 0.046907,
   "68": 0.062539,
   "69": 0.078172,
   "70": 0.093812,
   "71": 0.109451,
   "72": 0.125078,
   "73": 0.142944,
   "74": 0.156372,
   "75": 0.171971,
   "76": 0.187588,
   "77": 0.203241,
   "78": 0.218914,
   "79": 0.234489,
   "80": -2.9e-05,
   "81": 0.023416,
   "82": 0.046848,
   "83": 0.070267,
   "84": 0.093654,
   "85": 0.117084,
   "86": 0.140522,
   "87": 0.163937,
   "88": 0.187352,
   "89": 0.210744,
   "90": 0.234176,
   "91": 0.257667,
   "92": 0.280992,
   "93": 0.304397,
   "94": 0.32789,
   "95": 0.351196,
   "96": -3.3e-05,
   "97": 0.015627,
   "98": 0.031287,
   "99": 0.046917,
   "100": 0.062529,
   "101": 0.07817,
   "102": 0.093809,
   "103": 0.109426,
   "104": 0.125076,
   "105": 0.140698,
   "106": 0.156389,
   "107": 0.171979,
   "108": 0.187586,
   "109": 0.203293,
   "110": 0.218889,
   "111": 0.234494,
   "112": -2.7e-05,
   "113": 0.023415,
   "114": 0.046835,
   "115": 0.070274,
   "116": 0.093666,
   "117": 0.117106,
   "118": 0.140513,
   "119": 0.163867,
   "120": 0.187381,
   "121": 0.210745,
   "122": 0.234167,
   "123": 0.257593,
   "124": 0.281007,
   "125": 0.304436,
   "126": 0.327887,
   "127": 0.351252,
   "128": -3.3e-05,
   "129": 0.010459,
   "130": 0.020914,
   "131": 0.031369,
   "132": 0.041827,
   "133": 0.052292,
   "134": 0.06274,
   "135": 0.073185,
   "136": 0.083657,
   "137": 0.094103,
   "138": 0.104571,
   "139": 0.114998,
   "140": 0.125447,
   "141": 0.135919,
   "142": 0.146395,
   "143": 0.156802,
   "144": -2.9e-05,
   "145": 0.018233,
   "146": 0.036455,
   "147": 0.054703,
   "148": 0.072892,
   "149": 0.091161,
   "150": 0.109356,
   "151": 0.127565,
   "152": 0.145839,
   "153": 0.164028,
   "154": 0.182256,
   "155": 0.200506,
   "156": 0.218757,
   "157": 0.237199,
   "158": 0.255179,
   "159": 0.273397,
   "160": -3.3e-05,
   "161": 0.010459,
   "162": 0.02092,
   "163": 0.031378,
   "164": 0.041823,
   "165": 0.052288,
   "166": 0.062736,
   "167": 0.073216,
   "168": 0.083662,
   "169": 0.09411,
   "170": 0.104573,
   "171": 0.115008,
   "172": 0.125477,
   "173": 0.135947,
   "174": 0.146391,
   "175": 0.156864,
   "176": -3.4e-05,
   "177": 0.018216,
   "178": 0.036455,
   "179": 0.054702,
   "180": 0.072907,
   "181": 0.091134,
   "182": 0.109344,
   "183": 0.127773,
   "184": 0.145862,
   "185": 0.16402,
   "186": 0.182281,
   "187": 0.200517,
   "188": 0.218688,
   "189": 0.236996,
   "190": 0.255186,
   "191": 0.273498,
   "192": -2.7e-05,
   "193": 0.010457,
   "194": 0.020921,
   "195": 0.03138,
   "196": 0.041826,
   "197": 0.052284,
   "198": 0.062738,
   "199": 0.073217,
   "200": 0.083662,
   "201": 0.094093,
   "202": 0.104584,
   "203": 0.11503,
   "204": 0.125447,
   "205": 0.13594,
   "206": 0.146374,
   "207": 0.156873,
   "208": -2.6e-05,
   "209": 0.01822,
   "210": 0.036449,
   "211": 0.054693,
   "212": 0.072914,
   "213": 0.091141,
   "214": 0.109336,
   "215": 0.127625,
   "216": 0.145839,
   "217": 0.164018,
   "218": 0.182283,
   "219": 0.200612,
   "220": 0.218747,
   "221": 0.236977,
   "222": 0.255133,
   "223": 0.2735,
   "224": -3.2e-05,
   "225": 0.010462,
   "226": 0.020922,
   "227": 0.031377,
   "228": 0.041829,
   "229": 0.052293,
   "230": 0.062864,
   "231": 0.07319,
   "232": 0.083669,
   "233": 0.094096,
   "234": 0.104573,
   "235": 0.115027,
   "236": 0.126459,
   "237": 0.135941,
   "238": 0.146391,
   "239": 0.156831,
   "240": -3.1e-05,
   "241": 0.018228,
   "242": 0.036464,
   "243": 0.054687,
   "244": 0.072897,
   "245": 0.091154,
   "246": 0.109357,
   "247": 0.127592,
   "248": 0.145848,
   "249": 0.164063,
   "250": 0.182276,
   "251": 0.200463,
   "252": 0.218741,
   "253": 0.236971,
   "254": 0.255215,
   "255": 0.27588
  },
  "sidtable": [
   176,
   208,
   208,
   208,
   193,
   193,
   193,
   193,
   225,
   225,
   97,
   97,
   65,
   177,
   145,
   130,
   226,
   17,
   49,
   49,
   2,
   2,
   2,
   195,
   195,
   210,
   210,
   242,
   242,
   164,
   164,
   228,
   228,
   50,
   50,
   35,
   35,
   197,
   229,
   243,
   147,
   147,
   147,
   100,
   100,
   100,
   230,
   230,
   230,
   19,
   19,
   19,
   148,
   212,
   199,
   101,
   101,
   5,
   5,
   136,
   136,
   232,
   232,
   232,
   181,
   181,
   181,
   149,
   52,
   169,
   169,
   169,
   169,
   138,
   138,
   138,
   202,
   202,
   214,
   214,
   71,
   39,
   39,
   139,
   203,
   53,
   117,
   117,
   40,
   40,
   40,
   140,
   236,
   183,
   183,
   183,
   141,
   141,
   141,
   173,
   173,
   22,
   22,
   73,
   73,
   152,
   184,
   142,
   142,
   142,
   10,
   10,
   10,
   10,
   207,
   207,
   207,
   119,
   119,
   23,
   249,
   249,
   43,
   43,
   43,
   11,
   11,
   11,
   11,
   154,
   154,
   154,
   154,
   218,
   218,
   24,
   24,
   12,
   12,
   12,
   12,
   251,
   251,
   251,
   251,
   251,
   219,
   13,
   109,
   109,
   109,
   89,
   89,
   89,
   57,
   25,
   25,
   188,
   188,
   46,
   46,
   46,
   46,
   46,
   46,
   58,
   58,
   58,
   58,
   58,
   58,
   111,
   253,
   157,
   157,
   157,
   157,
   157,
   157,
   222,
   222,
   222,
   222,
   222,
   222,
   222,
   254,
   123,
   91,
   91,
   91,
   91,
   91,
   159,
   159,
   159,
   159,
   159,
   159,
   223,
   255,
   255,
   255,
   92,
   92,
   60,
   60,
   60,
   60,
   60,
   60,
   60,
   60,
   93,
   93,
   93,
   93,
   93,
   93,
   93,
   93,
   29,
   125,
   125,
   125,
   125,
   125,
   125,
   125,
   125,
   62,
   62,
   62,
   62,
   62,
   62,
   62,
   62,
   62,
   94,
   94,
   94,
   94,
   94,
   94,
   94,
   94,
   95,
   95,
   95,
   95,
   95,
   95,
   95,
   95,
   127
  ]
 },
 "_physical_reference_not_for_shipping": {
  "note": "chip-specific (U64 sockets); for calibration-follow-up validation only, NOT a shippable table",
  "chipA_curve": {
   "0": -2e-05,
   "1": 0.020927,
   "2": 0.042847,
   "3": 0.062603,
   "4": 0.079308,
   "5": 0.097953,